recency,frequency,monetary,r_quartile,f_quartile,m_quartile,RFM_Score,RFM_Score_num,RFM_Level,cluster_labels
325,1,77183,3,4,1,341,8,Middle,0
323,20,1009,3,3,1,331,7,Middle,2
289,723,4748,1,1,1,111,3,Top,0
326,11,170,3,4,4,344,11,Low,1
289,2,535,1,4,2,142,7,Middle,2
316,49,697,2,2,2,222,6,Middle,0
336,11,293,3,4,3,343,10,Low,3
311,39,846,2,2,1,221,5,Top,0
373,59,390,4,1,2,412,7,Middle,3
287,38,756,1,2,2,122,5,Top,0
296,137,1242,1,1,1,111,3,Top,0
308,14,310,2,3,3,233,8,Middle,2
290,21,65,1,3,4,134,8,Middle,2
294,17,311,1,3,3,133,7,Middle,2
315,20,427,2,3,2,232,7,Middle,2
318,34,389,2,2,2,222,6,Middle,2
372,3,38,4,4,4,444,12,Low,1
302,34,801,2,2,1,221,5,Top,0
298,115,786,1,1,1,111,3,Top,0
316,46,673,2,2,2,222,6,Middle,0
326,66,599,3,1,2,312,6,Middle,0
362,1,293,4,4,3,443,11,Low,1
288,18,329,1,3,3,133,7,Middle,2
292,1,42,1,4,4,144,9,Middle,1
301,2,128,2,4,4,244,10,Low,1
312,1,318,2,4,3,243,9,Middle,1
301,11,731,2,4,2,242,8,Middle,2
372,13,199,4,3,4,434,11,Low,3
320,40,847,3,2,1,321,6,Middle,0
301,71,1546,2,1,1,211,4,Top,0
327,2,58,3,4,4,344,11,Low,1
359,17,392,4,3,2,432,9,Middle,3
311,8,117,2,4,4,244,10,Low,1
297,6,1873,1,4,1,141,6,Middle,2
319,27,431,3,2,2,322,7,Middle,2
298,21,5309,1,3,1,131,5,Top,0
365,16,258,4,3,3,433,10,Low,3
354,14,286,3,3,3,333,9,Middle,3
288,23,462,1,3,2,132,6,Middle,2
336,33,605,3,2,2,322,7,Middle,3
319,20,306,3,3,3,333,9,Middle,2
306,19,108,2,3,4,234,9,Middle,2
339,29,413,3,2,2,322,7,Middle,3
365,16,365,4,3,3,433,10,Low,3
358,19,1660,3,3,1,331,7,Middle,3
322,8,23,3,4,4,344,11,Low,1
288,61,1675,1,1,1,111,3,Top,0
289,9,2834,1,4,1,141,6,Middle,2
292,92,535,1,1,2,112,4,Top,0
298,9,1914,1,4,1,141,6,Middle,2
310,3,97,2,4,4,244,10,Low,1
298,8,102,1,4,4,144,9,Middle,2
317,15,305,2,3,3,233,8,Middle,2
364,11,201,4,4,4,444,12,Low,3
296,132,3223,1,1,1,111,3,Top,0
318,7,120,2,4,4,244,10,Low,1
297,91,1290,1,1,1,111,3,Top,0
323,14,229,3,3,3,333,9,Middle,2
372,3,50,4,4,4,444,12,Low,1
294,19,377,1,3,3,133,7,Middle,2
371,67,1528,4,1,1,411,6,Middle,3
288,37,642,1,2,2,122,5,Top,2
358,7,157,3,4,4,344,11,Low,1
354,6,1440,3,4,1,341,8,Middle,3
353,1,382,3,4,2,342,9,Middle,1
368,60,427,4,1,2,412,7,Middle,3
357,11,190,3,4,4,344,11,Low,3
369,11,165,4,4,4,444,12,Low,3
290,15,395,1,3,2,132,6,Middle,2
291,33,560,1,2,2,122,5,Top,2
309,43,825,2,2,1,221,5,Top,0
327,40,477,3,2,2,322,7,Middle,3
318,7,153,2,4,4,244,10,Low,1
304,116,2129,2,1,1,211,4,Top,0
327,9,203,3,4,4,344,11,Low,1
373,14,205,4,3,4,434,11,Low,3
319,1,165,3,4,4,344,11,Low,1
308,138,1240,2,1,1,211,4,Top,0
290,63,577,1,1,2,112,4,Top,0
296,64,1994,1,1,1,111,3,Top,0
288,316,7467,1,1,1,111,3,Top,0
338,7,379,3,4,2,342,9,Middle,3
295,13,278,1,3,3,133,7,Middle,2
289,447,15557,1,1,1,111,3,Top,0
289,17,1796,1,3,1,131,5,Top,0
359,7,185,4,4,4,444,12,Low,1
310,137,7060,2,1,1,211,4,Top,0
301,6,452,2,4,2,242,8,Middle,2
292,103,1665,1,1,1,111,3,Top,0
304,15,893,2,3,1,231,6,Middle,2
308,90,1881,2,1,1,211,4,Top,0
354,1,101,3,4,4,344,11,Low,1
333,21,566,3,3,2,332,8,Middle,3
372,10,350,4,4,3,443,11,Low,3
311,20,271,2,3,3,233,8,Middle,2
290,65,2602,1,1,1,111,3,Top,0
319,34,499,3,2,2,322,7,Middle,2
288,14,190,1,3,4,134,8,Middle,2
359,61,1256,4,1,1,411,6,Middle,3
338,31,547,3,2,2,322,7,Middle,3
304,3,52,2,4,4,244,10,Low,1
308,48,217,2,2,3,223,7,Middle,2
372,14,193,4,3,4,434,11,Low,3
366,16,159,4,3,4,434,11,Low,3
315,31,524,2,2,2,222,6,Middle,2
332,3,110,3,4,4,344,11,Low,1
372,1,295,4,4,3,443,11,Low,1
313,116,1087,2,1,1,211,4,Top,0
289,18,376,1,3,3,133,7,Middle,2
295,74,1257,1,1,1,111,3,Top,0
326,63,569,3,1,2,312,6,Middle,0
298,11,197,1,4,4,144,9,Middle,2
318,19,256,2,3,3,233,8,Middle,2
313,8,112,2,4,4,244,10,Low,1
334,37,753,3,2,2,322,7,Middle,3
351,13,354,3,3,3,333,9,Middle,3
292,101,841,1,1,1,111,3,Top,0
299,23,140,1,3,4,134,8,Middle,2
367,23,165,4,3,4,434,11,Low,3
316,242,2108,2,1,1,211,4,Top,0
295,57,1124,1,1,1,111,3,Top,0
334,20,625,3,3,2,332,8,Middle,3
290,20,212,1,3,3,133,7,Middle,2
337,37,236,3,2,3,323,8,Middle,3
318,76,1184,2,1,1,211,4,Top,0
296,25,1875,1,2,1,121,4,Top,0
309,26,168,2,2,4,224,8,Middle,2
326,19,430,3,3,2,332,8,Middle,3
361,2,110,4,4,4,444,12,Low,1
359,35,498,4,2,2,422,8,Middle,3
338,12,2470,3,3,1,331,7,Middle,3
295,116,530,1,1,2,112,4,Top,0
336,17,304,3,3,3,333,9,Middle,3
360,5,91,4,4,4,444,12,Low,1
365,21,224,4,3,3,433,10,Low,3
292,64,1083,1,1,1,111,3,Top,0
339,16,476,3,3,2,332,8,Middle,3
373,6,225,4,4,3,443,11,Low,1
325,39,141,3,2,4,324,9,Middle,3
331,41,933,3,2,1,321,6,Middle,3
361,28,662,4,2,2,422,8,Middle,3
366,1,590,4,4,2,442,10,Low,1
316,78,699,2,1,2,212,5,Top,0
330,13,201,3,3,4,334,10,Low,1
290,52,666,1,1,2,112,4,Top,0
359,10,201,4,4,4,444,12,Low,3
292,20,173,1,3,4,134,8,Middle,2
351,21,300,3,3,3,333,9,Middle,3
295,11,288,1,4,3,143,8,Middle,2
308,34,390,2,2,2,222,6,Middle,2
324,27,410,3,2,2,322,7,Middle,2
339,17,307,3,3,3,333,9,Middle,3
358,14,238,3,3,3,333,9,Middle,3
303,131,2769,2,1,1,211,4,Top,0
312,10,1110,2,4,1,241,7,Middle,2
295,26,947,1,2,1,121,4,Top,2
316,17,1308,2,3,1,231,6,Middle,2
366,7,304,4,4,3,443,11,Low,3
315,13,335,2,3,3,233,8,Middle,2
305,131,1660,2,1,1,211,4,Top,0
287,20,389,1,3,2,132,6,Middle,2
337,1,35,3,4,4,344,11,Low,1
365,14,308,4,3,3,433,10,Low,3
371,39,754,4,2,2,422,8,Middle,3
298,24,416,1,2,2,122,5,Top,2
329,35,534,3,2,2,322,7,Middle,3
309,16,313,2,3,3,233,8,Middle,2
319,15,387,3,3,2,332,8,Middle,2
294,15,601,1,3,2,132,6,Middle,2
372,17,308,4,3,3,433,10,Low,3
317,6,160,2,4,4,244,10,Low,1
297,86,5664,1,1,1,111,3,Top,0
291,8,250,1,4,3,143,8,Middle,2
296,1,390,1,4,2,142,7,Middle,2
359,49,1579,4,2,1,421,7,Middle,3
290,64,825,1,1,1,111,3,Top,0
294,27,401,1,2,2,122,5,Top,2
336,32,639,3,2,2,322,7,Middle,3
364,34,829,4,2,1,421,7,Middle,3
334,48,401,3,2,2,322,7,Middle,3
289,8,185,1,4,4,144,9,Middle,2
366,30,692,4,2,2,422,8,Middle,3
305,122,3493,2,1,1,211,4,Top,0
288,93,1609,1,1,1,111,3,Top,0
332,12,241,3,3,3,333,9,Middle,3
298,23,317,1,3,3,133,7,Middle,2
291,12,185,1,3,4,134,8,Middle,2
353,11,193,3,4,4,344,11,Low,3
308,148,3395,2,1,1,211,4,Top,0
289,7,235,1,4,3,143,8,Middle,2
310,42,641,2,2,2,222,6,Middle,0
311,18,316,2,3,3,233,8,Middle,2
359,22,865,4,3,1,431,8,Middle,3
359,26,501,4,2,2,422,8,Middle,3
368,9,153,4,4,4,444,12,Low,1
323,4,114,3,4,4,344,11,Low,1
316,26,458,2,2,2,222,6,Middle,2
366,30,566,4,2,2,422,8,Middle,3
326,5,110,3,4,4,344,11,Low,1
366,15,305,4,3,3,433,10,Low,3
304,54,1029,2,1,1,211,4,Top,0
315,3,166,2,4,4,244,10,Low,1
309,11,164,2,4,4,244,10,Low,2
319,4,91,3,4,4,344,11,Low,1
315,8,313,2,4,3,243,9,Middle,2
354,82,1198,3,1,1,311,5,Top,3
334,13,110,3,3,4,334,10,Low,1
367,24,118,4,2,4,424,10,Low,3
290,33,1687,1,2,1,121,4,Top,0
369,9,164,4,4,4,444,12,Low,1
309,10,118,2,4,4,244,10,Low,2
306,24,142,2,2,4,224,8,Middle,2
303,13,309,2,3,3,233,8,Middle,2
336,39,559,3,2,2,322,7,Middle,3
337,26,721,3,2,2,322,7,Middle,3
312,19,219,2,3,3,233,8,Middle,2
311,3,70,2,4,4,244,10,Low,1
359,15,303,4,3,3,433,10,Low,3
330,9,205,3,4,4,344,11,Low,1
318,23,417,2,3,2,232,7,Middle,2
297,15,156,1,3,4,134,8,Middle,2
357,20,311,3,3,3,333,9,Middle,3
310,8,1425,2,4,1,241,7,Middle,2
327,38,362,3,2,3,323,8,Middle,3
366,15,197,4,3,4,434,11,Low,3
368,18,308,4,3,3,433,10,Low,3
337,31,162,3,2,4,324,9,Middle,3
320,62,1045,3,1,1,311,5,Top,0
295,75,1749,1,1,1,111,3,Top,0
301,6,186,2,4,4,244,10,Low,2
337,70,2391,3,1,1,311,5,Top,0
289,132,10770,1,1,1,111,3,Top,0
327,26,156,3,2,4,324,9,Middle,3
318,1,99,2,4,4,244,10,Low,1
373,10,318,4,4,3,443,11,Low,3
302,20,330,2,3,3,233,8,Middle,2
315,32,583,2,2,2,222,6,Middle,2
315,31,474,2,2,2,222,6,Middle,2
338,97,941,3,1,1,311,5,Top,0
298,21,298,1,3,3,133,7,Middle,2
295,7,114,1,4,4,144,9,Middle,2
288,67,1451,1,1,1,111,3,Top,0
310,9,158,2,4,4,244,10,Low,2
299,166,995,1,1,1,111,3,Top,0
292,53,893,1,1,1,111,3,Top,0
373,1,79,4,4,4,444,12,Low,1
373,1,204,4,4,4,444,12,Low,1
296,8,688,1,4,2,142,7,Middle,2
288,9,296,1,4,3,143,8,Middle,2
317,8,156,2,4,4,244,10,Low,1
358,16,1004,3,3,1,331,7,Middle,3
334,33,1141,3,2,1,321,6,Middle,3
337,69,499,3,1,2,312,6,Middle,3
290,97,3825,1,1,1,111,3,Top,0
326,29,626,3,2,2,322,7,Middle,3
288,65,8063,1,1,1,111,3,Top,0
327,36,191,3,2,4,324,9,Middle,3
311,6,329,2,4,3,243,9,Middle,2
367,7,230,4,4,3,443,11,Low,1
364,7,106,4,4,4,444,12,Low,1
292,91,10468,1,1,1,111,3,Top,0
294,16,341,1,3,3,133,7,Middle,2
309,33,558,2,2,2,222,6,Middle,2
311,20,969,2,3,1,231,6,Middle,2
289,41,723,1,2,2,122,5,Top,0
367,7,112,4,4,4,444,12,Low,1
301,36,1140,2,2,1,221,5,Top,0
310,11,442,2,4,2,242,8,Middle,2
369,2,408,4,4,2,442,10,Low,1
317,9,113,2,4,4,244,10,Low,1
369,52,238,4,1,3,413,8,Middle,3
309,55,907,2,1,1,211,4,Top,0
360,28,411,4,2,2,422,8,Middle,3
297,4,935,1,4,1,141,6,Middle,2
288,17,246,1,3,3,133,7,Middle,2
289,40,2269,1,2,1,121,4,Top,0
326,28,201,3,2,4,324,9,Middle,3
290,42,678,1,2,2,122,5,Top,0
289,7,123,1,4,4,144,9,Middle,2
313,71,897,2,1,1,211,4,Top,0
287,34,544,1,2,2,122,5,Top,2
308,23,456,2,3,2,232,7,Middle,2
309,7,121,2,4,4,244,10,Low,1
358,18,540,3,3,2,332,8,Middle,3
301,24,340,2,2,3,223,7,Middle,2
296,17,308,1,3,3,133,7,Middle,2
311,13,1025,2,3,1,231,6,Middle,2
358,11,190,3,4,4,344,11,Low,3
297,21,821,1,3,1,131,5,Top,2
310,10,160,2,4,4,244,10,Low,2
325,12,155,3,3,4,334,10,Low,1
318,11,214,2,4,3,243,9,Middle,2
294,17,201,1,3,4,134,8,Middle,2
298,40,559,1,2,2,122,5,Top,2
351,7,172,3,4,4,344,11,Low,1
326,2,412,3,4,2,342,9,Middle,1
294,16,307,1,3,3,133,7,Middle,2
311,12,184,2,3,4,234,9,Middle,2
297,19,2118,1,3,1,131,5,Top,0
360,3,102,4,4,4,444,12,Low,1
294,12,212,1,3,3,133,7,Middle,2
352,1,500,3,4,2,342,9,Middle,1
305,11,205,2,4,4,244,10,Low,2
362,16,214,4,3,3,433,10,Low,3
308,35,664,2,2,2,222,6,Middle,2
322,44,662,3,2,2,322,7,Middle,0
326,52,903,3,1,1,311,5,Top,0
305,51,949,2,1,1,211,4,Top,0
325,9,284,3,4,3,343,10,Low,2
289,38,822,1,2,1,121,4,Top,0
322,32,609,3,2,2,322,7,Middle,2
373,9,301,4,4,3,443,11,Low,3
288,29,900,1,2,1,121,4,Top,0
312,7,304,2,4,3,243,9,Middle,2
305,66,983,2,1,1,211,4,Top,0
324,50,3994,3,1,1,311,5,Top,0
355,29,619,3,2,2,322,7,Middle,3
297,11,301,1,4,3,143,8,Middle,2
364,26,111,4,2,4,424,10,Low,3
313,67,914,2,1,1,211,4,Top,0
309,55,173,2,1,4,214,7,Middle,2
337,5,1251,3,4,1,341,8,Middle,3
336,13,296,3,3,3,333,9,Middle,3
305,85,409,2,1,2,212,5,Top,0
317,110,1031,2,1,1,211,4,Top,0
296,45,2649,1,2,1,121,4,Top,0
294,106,1549,1,1,1,111,3,Top,0
290,56,1931,1,1,1,111,3,Top,0
323,44,3096,3,2,1,321,6,Middle,0
320,24,265,3,2,3,323,8,Middle,2
373,13,136,4,3,4,434,11,Low,3
302,153,934,2,1,1,211,4,Top,0
364,29,182,4,2,4,424,10,Low,3
354,95,459,3,1,2,312,6,Middle,3
309,170,1987,2,1,1,211,4,Top,0
322,93,7544,3,1,1,311,5,Top,0
324,1,76,3,4,4,344,11,Low,1
322,60,920,3,1,1,311,5,Top,0
295,76,818,1,1,1,111,3,Top,0
294,15,1844,1,3,1,131,5,Top,0
296,31,621,1,2,2,122,5,Top,2
354,2,433,3,4,2,342,9,Middle,1
330,11,195,3,4,4,344,11,Low,1
310,20,314,2,3,3,233,8,Middle,2
319,67,483,3,1,2,312,6,Middle,0
315,16,318,2,3,3,233,8,Middle,2
326,70,1811,3,1,1,311,5,Top,0
373,22,311,4,3,3,433,10,Low,3
357,35,1241,3,2,1,321,6,Middle,3
359,12,306,4,3,3,433,10,Low,3
362,51,193,4,1,4,414,9,Middle,3
369,26,283,4,2,3,423,9,Middle,3
292,13,177,1,3,4,134,8,Middle,2
331,18,148,3,3,4,334,10,Low,3
329,16,322,3,3,3,333,9,Middle,3
297,31,576,1,2,2,122,5,Top,2
296,98,1853,1,1,1,111,3,Top,0
331,3,197,3,4,4,344,11,Low,1
310,12,398,2,3,2,232,7,Middle,2
288,61,1165,1,1,1,111,3,Top,0
308,30,516,2,2,2,222,6,Middle,2
359,4,67,4,4,4,444,12,Low,1
332,16,347,3,3,3,333,9,Middle,3
296,53,977,1,1,1,111,3,Top,0
295,5,145,1,4,4,144,9,Middle,2
315,51,922,2,1,1,211,4,Top,0
311,21,378,2,3,2,232,7,Middle,2
358,11,312,3,4,3,343,10,Low,3
339,18,312,3,3,3,333,9,Middle,3
320,40,244,3,2,3,323,8,Middle,2
291,26,762,1,2,2,122,5,Top,2
288,19,308,1,3,3,133,7,Middle,2
310,15,630,2,3,2,232,7,Middle,2
372,3,189,4,4,4,444,12,Low,1
373,9,161,4,4,4,444,12,Low,1
326,8,146,3,4,4,344,11,Low,1
316,9,159,2,4,4,244,10,Low,1
325,8,138,3,4,4,344,11,Low,1
288,60,1139,1,1,1,111,3,Top,0
318,8,302,2,4,3,243,9,Middle,2
364,32,523,4,2,2,422,8,Middle,3
318,39,620,2,2,2,222,6,Middle,2
298,40,4286,1,2,1,121,4,Top,0
331,29,492,3,2,2,322,7,Middle,3
289,19,341,1,3,3,133,7,Middle,2
367,13,571,4,3,2,432,9,Middle,3
289,19,322,1,3,3,133,7,Middle,2
361,23,777,4,3,1,431,8,Middle,3
305,22,508,2,3,2,232,7,Middle,2
288,362,11823,1,1,1,111,3,Top,0
318,24,1565,2,2,1,221,5,Top,0
324,79,1270,3,1,1,311,5,Top,0
296,24,588,1,2,2,122,5,Top,2
310,23,436,2,3,2,232,7,Middle,2
332,23,352,3,3,3,333,9,Middle,3
333,29,326,3,2,3,323,8,Middle,3
329,76,1547,3,1,1,311,5,Top,0
319,42,672,3,2,2,322,7,Middle,0
318,23,335,2,3,3,233,8,Middle,2
358,14,355,3,3,3,333,9,Middle,3
297,17,262,1,3,3,133,7,Middle,2
365,11,174,4,4,4,444,12,Low,3
319,8,155,3,4,4,344,11,Low,1
295,4,100,1,4,4,144,9,Middle,1
358,4,76,3,4,4,344,11,Low,1
295,17,110,1,3,4,134,8,Middle,2
296,7,142,1,4,4,144,9,Middle,2
372,21,312,4,3,3,433,10,Low,3
372,27,223,4,2,3,423,9,Middle,3
334,63,689,3,1,2,312,6,Middle,3
371,34,110,4,2,4,424,10,Low,3
315,20,552,2,3,2,232,7,Middle,2
327,45,416,3,2,2,322,7,Middle,3
318,13,666,2,3,2,232,7,Middle,2
305,8,137,2,4,4,244,10,Low,2
310,14,1063,2,3,1,231,6,Middle,2
362,23,122,4,3,4,434,11,Low,3
358,8,217,3,4,3,343,10,Low,1
304,167,1615,2,1,1,211,4,Top,0
364,21,124,4,3,4,434,11,Low,3
312,43,701,2,2,2,222,6,Middle,0
325,24,203,3,2,4,324,9,Middle,3
302,17,470,2,3,2,232,7,Middle,2
365,5,63,4,4,4,444,12,Low,1
306,9,131,2,4,4,244,10,Low,2
316,31,1185,2,2,1,221,5,Top,0
310,39,608,2,2,2,222,6,Middle,2
364,18,102,4,3,4,434,11,Low,3
372,50,210,4,1,3,413,8,Middle,3
320,11,161,3,4,4,344,11,Low,1
310,4,113,2,4,4,244,10,Low,1
310,1,30,2,4,4,244,10,Low,1
308,56,456,2,1,2,212,5,Top,0
302,7,597,2,4,2,242,8,Middle,2
308,17,703,2,3,2,232,7,Middle,2
312,15,131,2,3,4,234,9,Middle,2
334,70,614,3,1,2,312,6,Middle,3
304,16,306,2,3,3,233,8,Middle,2
297,1,165,1,4,4,144,9,Middle,1
365,10,174,4,4,4,444,12,Low,3
368,13,125,4,3,4,434,11,Low,3
372,4,127,4,4,4,444,12,Low,1
311,19,538,2,3,2,232,7,Middle,2
309,29,475,2,2,2,222,6,Middle,2
361,14,166,4,3,4,434,11,Low,3
319,4,66,3,4,4,344,11,Low,1
292,116,453,1,1,2,112,4,Top,0
337,182,1367,3,1,1,311,5,Top,0
369,50,269,4,1,3,413,8,Middle,3
288,7,18,1,4,4,144,9,Middle,1
331,26,255,3,2,3,323,8,Middle,3
290,1,165,1,4,4,144,9,Middle,1
360,26,275,4,2,3,423,9,Middle,3
326,27,726,3,2,2,322,7,Middle,3
288,234,2010,1,1,1,111,3,Top,0
296,45,698,1,2,2,122,5,Top,0
313,23,405,2,3,2,232,7,Middle,2
352,10,433,3,4,2,342,9,Middle,3
297,72,770,1,1,1,111,3,Top,0
309,11,195,2,4,4,244,10,Low,2
316,75,479,2,1,2,212,5,Top,0
296,17,946,1,3,1,131,5,Top,2
361,57,1121,4,1,1,411,6,Middle,3
317,2,326,2,4,3,243,9,Middle,1
311,56,289,2,1,3,213,6,Middle,2
339,23,201,3,3,4,334,10,Low,3
302,16,197,2,3,4,234,9,Middle,2
302,25,669,2,2,2,222,6,Middle,2
289,51,434,1,1,2,112,4,Top,2
361,54,1167,4,1,1,411,6,Middle,3
324,57,335,3,1,3,313,7,Middle,3
372,76,413,4,1,2,412,7,Middle,3
372,1,35,4,4,4,444,12,Low,1
362,38,346,4,2,3,423,9,Middle,3
304,151,523,2,1,2,212,5,Top,0
371,3,39,4,4,4,444,12,Low,1
373,31,255,4,2,3,423,9,Middle,3
313,5,163,2,4,4,244,10,Low,1
305,25,393,2,2,2,222,6,Middle,2
289,694,3788,1,1,1,111,3,Top,0
362,1,204,4,4,4,444,12,Low,1
296,1,144,1,4,4,144,9,Middle,1
317,1,237,2,4,3,243,9,Middle,1
337,5,211,3,4,3,343,10,Low,1
358,16,305,3,3,3,333,9,Middle,3
361,34,585,4,2,2,422,8,Middle,3
298,12,309,1,3,3,133,7,Middle,2
291,70,1235,1,1,1,111,3,Top,0
358,15,357,3,3,3,333,9,Middle,3
298,8,187,1,4,4,144,9,Middle,2
338,29,344,3,2,3,323,8,Middle,3
326,62,416,3,1,2,312,6,Middle,3
297,64,774,1,1,1,111,3,Top,0
316,24,101,2,2,4,224,8,Middle,2
296,41,731,1,2,2,122,5,Top,0
292,180,2637,1,1,1,111,3,Top,0
332,110,842,3,1,1,311,5,Top,0
336,34,285,3,2,3,323,8,Middle,3
367,15,373,4,3,3,433,10,Low,3
294,95,8284,1,1,1,111,3,Top,0
362,44,168,4,2,4,424,10,Low,3
290,82,1491,1,1,1,111,3,Top,0
299,39,380,1,2,2,122,5,Top,2
325,34,588,3,2,2,322,7,Middle,3
297,108,654,1,1,2,112,4,Top,0
295,104,1060,1,1,1,111,3,Top,0
368,12,419,4,3,2,432,9,Middle,3
316,36,722,2,2,2,222,6,Middle,0
323,80,648,3,1,2,312,6,Middle,0
298,22,247,1,3,3,133,7,Middle,2
358,90,471,3,1,2,312,6,Middle,3
373,71,313,4,1,3,413,8,Middle,3
339,10,203,3,4,4,344,11,Low,1
302,136,6940,2,1,1,211,4,Top,0
310,33,1016,2,2,1,221,5,Top,0
353,8,434,3,4,2,342,9,Middle,3
316,11,204,2,4,4,244,10,Low,2
338,18,943,3,3,1,331,7,Middle,3
361,19,495,4,3,2,432,9,Middle,3
297,17,928,1,3,1,131,5,Top,2
368,32,470,4,2,2,422,8,Middle,3
295,15,228,1,3,3,133,7,Middle,2
296,54,994,1,1,1,111,3,Top,0
297,5,89,1,4,4,144,9,Middle,1
334,7,97,3,4,4,344,11,Low,1
366,6,180,4,4,4,444,12,Low,1
324,57,870,3,1,1,311,5,Top,0
323,17,278,3,3,3,333,9,Middle,2
372,20,406,4,3,2,432,9,Middle,3
312,22,558,2,3,2,232,7,Middle,2
308,18,334,2,3,3,233,8,Middle,2
322,35,348,3,2,3,323,8,Middle,2
319,6,200,3,4,4,344,11,Low,1
323,4,114,3,4,4,344,11,Low,1
334,9,179,3,4,4,344,11,Low,1
291,269,2005,1,1,1,111,3,Top,0
310,6,75,2,4,4,244,10,Low,1
334,146,1757,3,1,1,311,5,Top,0
292,14,542,1,3,2,132,6,Middle,2
313,19,109,2,3,4,234,9,Middle,2
306,55,463,2,1,2,212,5,Top,0
369,30,155,4,2,4,424,10,Low,3
366,2,48,4,4,4,444,12,Low,1
297,52,637,1,1,2,112,4,Top,0
336,5,582,3,4,2,342,9,Middle,3
360,26,385,4,2,2,422,8,Middle,3
288,51,991,1,1,1,111,3,Top,0
308,2,310,2,4,3,243,9,Middle,1
297,61,1428,1,1,1,111,3,Top,0
311,21,325,2,3,3,233,8,Middle,2
372,3,37,4,4,4,444,12,Low,1
366,1,103,4,4,4,444,12,Low,1
336,15,300,3,3,3,333,9,Middle,3
360,25,140,4,2,4,424,10,Low,3
292,31,433,1,2,2,122,5,Top,2
288,8,129,1,4,4,144,9,Middle,2
336,10,135,3,4,4,344,11,Low,1
290,118,2346,1,1,1,111,3,Top,0
365,32,257,4,2,3,423,9,Middle,3
296,10,175,1,4,4,144,9,Middle,2
302,18,424,2,3,2,232,7,Middle,2
360,38,497,4,2,2,422,8,Middle,3
360,47,960,4,2,1,421,7,Middle,3
359,17,300,4,3,3,433,10,Low,3
324,15,295,3,3,3,333,9,Middle,2
296,28,754,1,2,2,122,5,Top,2
305,25,1658,2,2,1,221,5,Top,0
296,22,178,1,3,4,134,8,Middle,2
297,89,2103,1,1,1,111,3,Top,0
316,5,337,2,4,3,243,9,Middle,2
326,16,155,3,3,4,334,10,Low,1
289,142,1142,1,1,1,111,3,Top,0
358,50,124,3,1,4,314,8,Middle,3
365,2,163,4,4,4,444,12,Low,1
296,75,1147,1,1,1,111,3,Top,0
310,132,815,2,1,1,211,4,Top,0
373,54,191,4,1,4,414,9,Middle,3
367,5,111,4,4,4,444,12,Low,1
366,53,205,4,1,4,414,9,Middle,3
325,105,1037,3,1,1,311,5,Top,0
296,62,688,1,1,2,112,4,Top,0
368,14,185,4,3,4,434,11,Low,3
366,30,2770,4,2,1,421,7,Middle,3
329,64,570,3,1,2,312,6,Middle,3
338,82,1426,3,1,1,311,5,Top,0
369,35,126,4,2,4,424,10,Low,3
296,369,5283,1,1,1,111,3,Top,0
295,173,3218,1,1,1,111,3,Top,0
302,60,1119,2,1,1,211,4,Top,0
368,23,98,4,3,4,434,11,Low,3
319,30,215,3,2,3,323,8,Middle,2
315,22,1131,2,3,1,231,6,Middle,2
299,77,478,1,1,2,112,4,Top,0
296,59,369,1,1,3,113,5,Top,2
301,170,22671,2,1,1,211,4,Top,0
359,11,209,4,4,3,443,11,Low,3
291,48,773,1,2,1,121,4,Top,0
372,1,106,4,4,4,444,12,Low,1
290,91,1788,1,1,1,111,3,Top,0
315,27,509,2,2,2,222,6,Middle,2
367,8,111,4,4,4,444,12,Low,1
308,23,381,2,3,2,232,7,Middle,2
338,37,1844,3,2,1,321,6,Middle,0
333,3,876,3,4,1,341,8,Middle,1
359,4,102,4,4,4,444,12,Low,1
311,16,319,2,3,3,233,8,Middle,2
318,9,169,2,4,4,244,10,Low,1
372,16,288,4,3,3,433,10,Low,3
301,17,259,2,3,3,233,8,Middle,2
288,18,295,1,3,3,133,7,Middle,2
297,24,397,1,2,2,122,5,Top,2
291,14,355,1,3,3,133,7,Middle,2
301,10,333,2,4,3,243,9,Middle,2
336,8,122,3,4,4,344,11,Low,1
312,19,378,2,3,2,232,7,Middle,2
291,63,834,1,1,1,111,3,Top,0
358,54,1085,3,1,1,311,5,Top,3
315,80,2698,2,1,1,211,4,Top,0
357,4,158,3,4,4,344,11,Low,1
339,16,173,3,3,4,334,10,Low,3
373,27,487,4,2,2,422,8,Middle,3
320,41,163,3,2,4,324,9,Middle,2
331,5,1289,3,4,1,341,8,Middle,2
322,11,135,3,4,4,344,11,Low,1
319,44,1285,3,2,1,321,6,Middle,0
367,6,87,4,4,4,444,12,Low,1
288,14,1343,1,3,1,131,5,Top,2
365,15,315,4,3,3,433,10,Low,3
312,107,2206,2,1,1,211,4,Top,0
358,3,556,3,4,2,342,9,Middle,1
308,3,353,2,4,3,243,9,Middle,2
311,20,211,2,3,3,233,8,Middle,2
357,9,316,3,4,3,343,10,Low,3
353,3,65,3,4,4,344,11,Low,1
365,23,383,4,3,2,432,9,Middle,3
318,24,328,2,2,3,223,7,Middle,2
318,28,581,2,2,2,222,6,Middle,2
366,5,403,4,4,2,442,10,Low,3
318,5,585,2,4,2,242,8,Middle,2
358,14,322,3,3,3,333,9,Middle,3
310,8,154,2,4,4,244,10,Low,2
317,16,318,2,3,3,233,8,Middle,2
294,32,904,1,2,1,121,4,Top,0
309,88,1313,2,1,1,211,4,Top,0
298,15,321,1,3,3,133,7,Middle,2
311,14,312,2,3,3,233,8,Middle,2
358,12,186,3,3,4,334,10,Low,3
372,17,420,4,3,2,432,9,Middle,3
323,10,178,3,4,4,344,11,Low,1
338,6,119,3,4,4,344,11,Low,1
301,20,1013,2,3,1,231,6,Middle,2
337,40,364,3,2,3,323,8,Middle,3
354,19,290,3,3,3,333,9,Middle,3
333,50,780,3,1,1,311,5,Top,3
365,26,165,4,2,4,424,10,Low,3
294,34,852,1,2,1,121,4,Top,0
325,33,1372,3,2,1,321,6,Middle,0
326,61,1199,3,1,1,311,5,Top,0
324,39,873,3,2,1,321,6,Middle,0
372,3,1835,4,4,1,441,9,Middle,3
368,34,673,4,2,2,422,8,Middle,3
290,31,574,1,2,2,122,5,Top,2
368,5,123,4,4,4,444,12,Low,1
289,696,12877,1,1,1,111,3,Top,0
354,16,289,3,3,3,333,9,Middle,3
326,1,165,3,4,4,344,11,Low,1
291,38,1159,1,2,1,121,4,Top,0
333,29,311,3,2,3,323,8,Middle,3
318,41,257,2,2,3,223,7,Middle,2
332,17,252,3,3,3,333,9,Middle,3
366,5,201,4,4,4,444,12,Low,1
373,5,115,4,4,4,444,12,Low,1
369,51,274,4,1,3,413,8,Middle,3
367,12,311,4,3,3,433,10,Low,3
296,157,619,1,1,2,112,4,Top,0
297,156,2418,1,1,1,111,3,Top,0
361,7,418,4,4,2,442,10,Low,3
372,16,326,4,3,3,433,10,Low,3
315,12,208,2,3,3,233,8,Middle,2
358,8,105,3,4,4,344,11,Low,1
297,36,754,1,2,2,122,5,Top,0
289,35,900,1,2,1,121,4,Top,0
323,136,2682,3,1,1,311,5,Top,0
365,1,230,4,4,3,443,11,Low,1
295,65,1019,1,1,1,111,3,Top,0
359,20,303,4,3,3,433,10,Low,3
360,19,338,4,3,3,433,10,Low,3
358,24,587,3,2,2,322,7,Middle,3
325,7,107,3,4,4,344,11,Low,1
289,6,94,1,4,4,144,9,Middle,2
301,43,252,2,2,3,223,7,Middle,2
305,11,165,2,4,4,244,10,Low,2
313,48,572,2,2,2,222,6,Middle,0
310,16,295,2,3,3,233,8,Middle,2
323,6,97,3,4,4,344,11,Low,1
369,86,411,4,1,2,412,7,Middle,3
320,51,437,3,1,2,312,6,Middle,2
330,9,155,3,4,4,344,11,Low,1
312,28,494,2,2,2,222,6,Middle,2
362,25,179,4,2,4,424,10,Low,3
359,26,243,4,2,3,423,9,Middle,3
354,58,216,3,1,3,313,7,Middle,3
338,157,1048,3,1,1,311,5,Top,0
292,34,2576,1,2,1,121,4,Top,0
358,8,723,3,4,2,342,9,Middle,3
336,43,1278,3,2,1,321,6,Middle,0
319,10,970,3,4,1,341,8,Middle,2
319,162,3504,3,1,1,311,5,Top,0
368,28,929,4,2,1,421,7,Middle,3
362,70,147,4,1,4,414,9,Middle,3
330,1,250,3,4,3,343,10,Low,1
359,6,101,4,4,4,444,12,Low,1
316,46,2414,2,2,1,221,5,Top,0
360,73,1884,4,1,1,411,6,Middle,3
318,65,630,2,1,2,212,5,Top,0
373,57,313,4,1,3,413,8,Middle,3
315,27,580,2,2,2,222,6,Middle,2
323,76,570,3,1,2,312,6,Middle,0
358,50,356,3,1,3,313,7,Middle,3
327,38,292,3,2,3,323,8,Middle,3
288,28,127,1,2,4,124,7,Middle,2
301,60,834,2,1,1,211,4,Top,0
371,31,135,4,2,4,424,10,Low,3
315,90,1006,2,1,1,211,4,Top,0
316,61,942,2,1,1,211,4,Top,0
301,12,137,2,3,4,234,9,Middle,2
361,95,989,4,1,1,411,6,Middle,3
351,1,134,3,4,4,344,11,Low,1
358,22,270,3,3,3,333,9,Middle,3
332,7,288,3,4,3,343,10,Low,1
302,158,1669,2,1,1,211,4,Top,0
358,159,590,3,1,2,312,6,Middle,3
305,4,29,2,4,4,244,10,Low,1
313,26,199,2,2,4,224,8,Middle,2
353,49,325,3,2,3,323,8,Middle,3
351,3,344,3,4,3,343,10,Low,1
310,12,184,2,3,4,234,9,Middle,2
326,42,777,3,2,1,321,6,Middle,0
295,222,3790,1,1,1,111,3,Top,0
312,12,404,2,3,2,232,7,Middle,2
289,19,377,1,3,3,133,7,Middle,2
288,29,914,1,2,1,121,4,Top,0
336,13,104,3,3,4,334,10,Low,1
334,3,104,3,4,4,344,11,Low,1
298,75,2435,1,1,1,111,3,Top,0
358,31,424,3,2,2,322,7,Middle,3
329,20,281,3,3,3,333,9,Middle,3
366,19,319,4,3,3,433,10,Low,3
299,140,4351,1,1,1,111,3,Top,0
359,20,308,4,3,3,433,10,Low,3
372,17,189,4,3,4,434,11,Low,3
336,2,816,3,4,1,341,8,Middle,1
309,24,576,2,2,2,222,6,Middle,2
365,10,209,4,4,3,443,11,Low,3
317,5,309,2,4,3,243,9,Middle,1
296,12,173,1,3,4,134,8,Middle,2
327,53,969,3,1,1,311,5,Top,0
366,30,478,4,2,2,422,8,Middle,3
289,62,1032,1,1,1,111,3,Top,0
361,6,103,4,4,4,444,12,Low,1
330,23,1245,3,3,1,331,7,Middle,3
315,48,777,2,2,1,221,5,Top,0
313,93,979,2,1,1,211,4,Top,0
366,9,171,4,4,4,444,12,Low,1
369,38,547,4,2,2,422,8,Middle,3
309,175,861,2,1,1,211,4,Top,0
290,11,324,1,4,3,143,8,Middle,2
364,41,203,4,2,4,424,10,Low,3
331,99,2091,3,1,1,311,5,Top,0
372,5,138,4,4,4,444,12,Low,1
312,36,951,2,2,1,221,5,Top,0
332,5,22998,3,4,1,341,8,Middle,0
366,19,340,4,3,3,433,10,Low,3
372,14,259,4,3,3,433,10,Low,3
304,1,79,2,4,4,244,10,Low,1
294,19,314,1,3,3,133,7,Middle,2
296,6,185,1,4,4,144,9,Middle,2
287,23,10189,1,3,1,131,5,Top,0
317,7,753,2,4,2,242,8,Middle,2
357,12,177,3,3,4,334,10,Low,3
305,5,83,2,4,4,244,10,Low,1
295,29,928,1,2,1,121,4,Top,0
358,25,351,3,2,3,323,8,Middle,3
302,19,343,2,3,3,233,8,Middle,2
304,6,1510,2,4,1,241,7,Middle,2
334,22,320,3,3,3,333,9,Middle,3
288,47,924,1,2,1,121,4,Top,0
306,208,3734,2,1,1,211,4,Top,0
302,13,198,2,3,4,234,9,Middle,2
296,26,377,1,2,3,123,6,Middle,2
297,49,897,1,2,1,121,4,Top,0
317,2,244,2,4,3,243,9,Middle,1
319,17,206,3,3,3,333,9,Middle,2
359,16,440,4,3,2,432,9,Middle,3
372,1,15,4,4,4,444,12,Low,1
303,35,544,2,2,2,222,6,Middle,2
324,17,309,3,3,3,333,9,Middle,2
330,15,301,3,3,3,333,9,Middle,3
310,5,1235,2,4,1,241,7,Middle,2
338,7,331,3,4,3,343,10,Low,1
303,8,118,2,4,4,244,10,Low,2
337,13,303,3,3,3,333,9,Middle,3
288,9,180,1,4,4,144,9,Middle,2
311,25,747,2,2,2,222,6,Middle,2
301,73,4360,2,1,1,211,4,Top,0
289,102,816,1,1,1,111,3,Top,0
368,15,102,4,3,4,434,11,Low,3
373,64,354,4,1,3,413,8,Middle,3
316,6,242,2,4,3,243,9,Middle,1
296,146,1070,1,1,1,111,3,Top,0
369,105,343,4,1,3,413,8,Middle,3
312,29,501,2,2,2,222,6,Middle,2
368,16,371,4,3,3,433,10,Low,3
309,1,15,2,4,4,244,10,Low,1
369,66,297,4,1,3,413,8,Middle,3
369,38,156,4,2,4,424,10,Low,3
367,64,521,4,1,2,412,7,Middle,3
368,4,56,4,4,4,444,12,Low,1
295,16,161,1,3,4,134,8,Middle,2
288,78,310,1,1,3,113,5,Top,0
330,46,575,3,2,2,322,7,Middle,3
368,49,270,4,2,3,423,9,Middle,3
373,11,369,4,4,3,443,11,Low,3
372,21,127,4,3,4,434,11,Low,3
289,16,317,1,3,3,133,7,Middle,2
323,5,74,3,4,4,344,11,Low,1
311,17,1116,2,3,1,231,6,Middle,2
311,1,35,2,4,4,244,10,Low,1
365,2,181,4,4,4,444,12,Low,1
359,29,428,4,2,2,422,8,Middle,3
331,25,412,3,2,2,322,7,Middle,3
372,20,572,4,3,2,432,9,Middle,3
367,16,156,4,3,4,434,11,Low,3
318,35,173,2,2,4,224,8,Middle,2
303,11,314,2,4,3,243,9,Middle,2
311,4,762,2,4,2,242,8,Middle,2
366,4,307,4,4,3,443,11,Low,1
288,32,769,1,2,2,122,5,Top,2
311,4,270,2,4,3,243,9,Middle,1
360,81,1148,4,1,1,411,6,Middle,3
289,30,335,1,2,3,123,6,Middle,2
368,9,113,4,4,4,444,12,Low,1
366,32,263,4,2,3,423,9,Middle,3
362,118,863,4,1,1,411,6,Middle,3
359,20,1181,4,3,1,431,8,Middle,3
362,24,110,4,2,4,424,10,Low,3
290,61,753,1,1,2,112,4,Top,0
301,19,7371,2,3,1,231,6,Middle,0
291,62,262,1,1,3,113,5,Top,2
366,69,382,4,1,2,412,7,Middle,3
296,59,1953,1,1,1,111,3,Top,0
302,3,320,2,4,3,243,9,Middle,2
291,57,19452,1,1,1,111,3,Top,0
309,29,331,2,2,3,223,7,Middle,2
305,179,1262,2,1,1,211,4,Top,0
332,9,153,3,4,4,344,11,Low,1
304,24,603,2,2,2,222,6,Middle,2
332,2,24,3,4,4,344,11,Low,1
317,17,307,2,3,3,233,8,Middle,2
290,43,664,1,2,2,122,5,Top,0
373,8,256,4,4,3,443,11,Low,3
327,49,263,3,2,3,323,8,Middle,3
364,7,247,4,4,3,443,11,Low,1
365,74,372,4,1,3,413,8,Middle,3
288,23,584,1,3,2,132,6,Middle,2
297,1,122,1,4,4,144,9,Middle,1
366,22,157,4,3,4,434,11,Low,3
360,17,337,4,3,3,433,10,Low,3
299,38,436,1,2,2,122,5,Top,2
320,28,181,3,2,4,324,9,Middle,2
288,13,278,1,3,3,133,7,Middle,2
298,19,852,1,3,1,131,5,Top,2
308,3,314,2,4,3,243,9,Middle,2
311,115,409,2,1,2,212,5,Top,0
333,10,136,3,4,4,344,11,Low,1
292,24,138,1,2,4,124,7,Middle,2
332,19,249,3,3,3,333,9,Middle,3
317,11,249,2,4,3,243,9,Middle,2
367,13,289,4,3,3,433,10,Low,3
296,22,891,1,3,1,131,5,Top,2
287,22,630,1,3,2,132,6,Middle,2
359,16,283,4,3,3,433,10,Low,3
371,7,124,4,4,4,444,12,Low,1
303,52,1212,2,1,1,211,4,Top,0
289,52,978,1,1,1,111,3,Top,0
296,1,76,1,4,4,144,9,Middle,1
372,22,393,4,3,2,432,9,Middle,3
354,10,215,3,4,3,343,10,Low,3
310,18,303,2,3,3,233,8,Middle,2
290,166,1315,1,1,1,111,3,Top,0
365,5,441,4,4,2,442,10,Low,3
319,8,403,3,4,2,342,9,Middle,2
294,4,825,1,4,1,141,6,Middle,2
372,20,307,4,3,3,433,10,Low,3
301,37,2019,2,2,1,221,5,Top,0
360,18,365,4,3,3,433,10,Low,3
372,11,170,4,4,4,444,12,Low,3
327,25,161,3,2,4,324,9,Middle,3
289,40,497,1,2,2,122,5,Top,2
309,42,8876,2,2,1,221,5,Top,0
373,28,471,4,2,2,422,8,Middle,3
367,12,166,4,3,4,434,11,Low,3
318,137,846,2,1,1,211,4,Top,0
329,9,326,3,4,3,343,10,Low,3
295,19,344,1,3,3,133,7,Middle,2
339,71,438,3,1,2,312,6,Middle,3
372,63,1056,4,1,1,411,6,Middle,3
373,14,226,4,3,3,433,10,Low,3
305,89,893,2,1,1,211,4,Top,0
294,121,2442,1,1,1,111,3,Top,0
353,54,1141,3,1,1,311,5,Top,3
358,16,133,3,3,4,334,10,Low,3
373,67,357,4,1,3,413,8,Middle,3
339,11,168,3,4,4,344,11,Low,1
367,16,378,4,3,2,432,9,Middle,3
333,35,827,3,2,1,321,6,Middle,3
294,38,594,1,2,2,122,5,Top,2
330,14,226,3,3,3,333,9,Middle,3
358,20,308,3,3,3,333,9,Middle,3
297,30,570,1,2,2,122,5,Top,2
313,43,426,2,2,2,222,6,Middle,2
315,101,1158,2,1,1,211,4,Top,0
305,11,122,2,4,4,244,10,Low,2
291,4,2508,1,4,1,141,6,Middle,2
290,9,53,1,4,4,144,9,Middle,2
333,22,376,3,3,3,333,9,Middle,3
332,8,153,3,4,4,344,11,Low,1
295,14,1295,1,3,1,131,5,Top,2
302,18,301,2,3,3,233,8,Middle,2
359,7,368,4,4,3,443,11,Low,3
362,37,170,4,2,4,424,10,Low,3
296,20,287,1,3,3,133,7,Middle,2
366,21,148,4,3,4,434,11,Low,3
322,4,94,3,4,4,344,11,Low,1
294,52,505,1,1,2,112,4,Top,0
289,26,312,1,2,3,123,6,Middle,2
323,60,450,3,1,2,312,6,Middle,0
294,19,665,1,3,2,132,6,Middle,2
369,57,211,4,1,3,413,8,Middle,3
312,10,177,2,4,4,244,10,Low,2
302,5,167,2,4,4,244,10,Low,2
297,22,338,1,3,3,133,7,Middle,2
317,48,271,2,2,3,223,7,Middle,2
369,21,131,4,3,4,434,11,Low,3
311,17,252,2,3,3,233,8,Middle,2
289,65,6267,1,1,1,111,3,Top,0
302,21,302,2,3,3,233,8,Middle,2
297,50,343,1,1,3,113,5,Top,2
299,26,401,1,2,2,122,5,Top,2
291,13,211,1,3,3,133,7,Middle,2
360,46,151,4,2,4,424,10,Low,3
361,30,531,4,2,2,422,8,Middle,3
306,62,1236,2,1,1,211,4,Top,0
304,20,393,2,3,2,232,7,Middle,2
292,17,111,1,3,4,134,8,Middle,2
358,39,216,3,2,3,323,8,Middle,3
336,8,149,3,4,4,344,11,Low,1
319,59,961,3,1,1,311,5,Top,0
329,6,127,3,4,4,344,11,Low,1
296,50,826,1,1,1,111,3,Top,0
316,41,736,2,2,2,222,6,Middle,0
318,27,512,2,2,2,222,6,Middle,2
360,19,365,4,3,3,433,10,Low,3
330,1,165,3,4,4,344,11,Low,1
330,51,841,3,1,1,311,5,Top,0
296,13,363,1,3,3,133,7,Middle,2
372,13,248,4,3,3,433,10,Low,3
311,31,320,2,2,3,223,7,Middle,2
365,5,103,4,4,4,444,12,Low,1
365,60,325,4,1,3,413,8,Middle,3
315,26,743,2,2,2,222,6,Middle,2
295,43,2734,1,2,1,121,4,Top,0
294,31,484,1,2,2,122,5,Top,2
338,1,1910,3,4,1,341,8,Middle,1
358,30,747,3,2,2,322,7,Middle,3
290,25,787,1,2,1,121,4,Top,2
334,33,119,3,2,4,324,9,Middle,3
368,48,554,4,2,2,422,8,Middle,3
336,11,311,3,4,3,343,10,Low,3
373,5,95,4,4,4,444,12,Low,1
304,24,1945,2,2,1,221,5,Top,0
331,1,0,3,4,4,344,11,Low,1
295,59,950,1,1,1,111,3,Top,0
302,79,1445,2,1,1,211,4,Top,0
358,20,332,3,3,3,333,9,Middle,3
364,3,173,4,4,4,444,12,Low,1
292,2,94,1,4,4,144,9,Middle,1
336,26,557,3,2,2,322,7,Middle,3
311,15,450,2,3,2,232,7,Middle,2
290,16,292,1,3,3,133,7,Middle,2
373,14,233,4,3,3,433,10,Low,3
327,1,69,3,4,4,344,11,Low,1
366,6,120,4,4,4,444,12,Low,1
338,9,125,3,4,4,344,11,Low,1
303,22,886,2,3,1,231,6,Middle,2
311,18,280,2,3,3,233,8,Middle,2
322,35,728,3,2,2,322,7,Middle,0
372,8,164,4,4,4,444,12,Low,1
290,44,741,1,2,2,122,5,Top,0
368,9,227,4,4,3,443,11,Low,3
331,39,812,3,2,1,321,6,Middle,3
291,15,1398,1,3,1,131,5,Top,2
368,8,123,4,4,4,444,12,Low,1
319,4,282,3,4,3,343,10,Low,1
362,9,135,4,4,4,444,12,Low,1
326,51,778,3,1,1,311,5,Top,0
337,29,464,3,2,2,322,7,Middle,3
366,3,129,4,4,4,444,12,Low,1
296,58,9811,1,1,1,111,3,Top,0
305,189,705,2,1,2,212,5,Top,0
289,1,8,1,4,4,144,9,Middle,1
297,79,1278,1,1,1,111,3,Top,0
298,25,1222,1,2,1,121,4,Top,0
311,58,3620,2,1,1,211,4,Top,0
360,75,524,4,1,2,412,7,Middle,3
302,3,598,2,4,2,242,8,Middle,2
294,137,1616,1,1,1,111,3,Top,0
317,92,1146,2,1,1,211,4,Top,0
311,1,734,2,4,2,242,8,Middle,2
366,15,307,4,3,3,433,10,Low,3
369,45,623,4,2,2,422,8,Middle,3
288,79,752,1,1,2,112,4,Top,0
288,56,1113,1,1,1,111,3,Top,0
302,151,781,2,1,1,211,4,Top,0
294,92,603,1,1,2,112,4,Top,0
364,46,272,4,2,3,423,9,Middle,3
319,14,187,3,3,4,334,10,Low,2
334,47,660,3,2,2,322,7,Middle,3
297,1,3,1,4,4,144,9,Middle,1
358,30,430,3,2,2,322,7,Middle,3
295,86,747,1,1,2,112,4,Top,0
292,106,1262,1,1,1,111,3,Top,0
309,19,609,2,3,2,232,7,Middle,2
372,9,207,4,4,3,443,11,Low,3
372,2,2002,4,4,1,441,9,Middle,3
315,16,316,2,3,3,233,8,Middle,2
318,7,106,2,4,4,244,10,Low,1
294,1,34,1,4,4,144,9,Middle,1
316,50,1866,2,1,1,211,4,Top,0
313,66,531,2,1,2,212,5,Top,0
310,105,951,2,1,1,211,4,Top,0
291,40,577,1,2,2,122,5,Top,2
304,82,2066,2,1,1,211,4,Top,0
372,17,311,4,3,3,433,10,Low,3
316,116,917,2,1,1,211,4,Top,0
332,53,255,3,1,3,313,7,Middle,3
365,66,414,4,1,2,412,7,Middle,3
360,55,214,4,1,3,413,8,Middle,3
360,15,479,4,3,2,432,9,Middle,3
294,103,2120,1,1,1,111,3,Top,0
313,20,325,2,3,3,233,8,Middle,2
359,15,367,4,3,3,433,10,Low,3
334,18,309,3,3,3,333,9,Middle,3
373,5,81,4,4,4,444,12,Low,1
288,14,392,1,3,2,132,6,Middle,2
295,46,2886,1,2,1,121,4,Top,0
302,30,520,2,2,2,222,6,Middle,2
290,47,1999,1,2,1,121,4,Top,0
333,19,332,3,3,3,333,9,Middle,3
368,10,375,4,4,3,443,11,Low,3
366,9,164,4,4,4,444,12,Low,1
364,68,2157,4,1,1,411,6,Middle,3
296,46,805,1,2,1,121,4,Top,0
317,1,9,2,4,4,244,10,Low,1
371,17,128,4,3,4,434,11,Low,3
357,30,190,3,2,4,324,9,Middle,3
336,48,523,3,2,2,322,7,Middle,3
371,69,232,4,1,3,413,8,Middle,3
366,45,145,4,2,4,424,10,Low,3
299,37,289,1,2,3,123,6,Middle,2
368,32,116,4,2,4,424,10,Low,3
360,16,170,4,3,4,434,11,Low,3
298,97,632,1,1,2,112,4,Top,0
371,10,254,4,4,3,443,11,Low,3
290,65,432,1,1,2,112,4,Top,0
290,32,757,1,2,2,122,5,Top,2
290,8,113,1,4,4,144,9,Middle,2
372,50,198,4,1,4,414,9,Middle,3
317,31,275,2,2,3,223,7,Middle,2
360,65,540,4,1,2,412,7,Middle,3
313,107,1226,2,1,1,211,4,Top,0
371,14,230,4,3,3,433,10,Low,3
361,2,218,4,4,3,443,11,Low,1
301,15,330,2,3,3,233,8,Middle,2
292,196,882,1,1,1,111,3,Top,0
308,14,267,2,3,3,233,8,Middle,2
289,83,757,1,1,2,112,4,Top,0
318,21,451,2,3,2,232,7,Middle,2
305,46,780,2,2,1,221,5,Top,0
325,5,69,3,4,4,344,11,Low,1
316,5,74,2,4,4,244,10,Low,1
367,3,172,4,4,4,444,12,Low,1
304,70,1053,2,1,1,211,4,Top,0
359,12,346,4,3,3,433,10,Low,3
336,15,354,3,3,3,333,9,Middle,3
297,11,347,1,4,3,143,8,Middle,2
291,78,732,1,1,2,112,4,Top,0
320,23,358,3,3,3,333,9,Middle,2
313,32,1273,2,2,1,221,5,Top,0
353,4,127,3,4,4,344,11,Low,1
288,12,702,1,3,2,132,6,Middle,2
304,1,90,2,4,4,244,10,Low,1
319,32,772,3,2,1,321,6,Middle,2
290,17,513,1,3,2,132,6,Middle,2
357,12,207,3,3,3,333,9,Middle,3
288,88,2885,1,1,1,111,3,Top,0
325,6,405,3,4,2,342,9,Middle,2
330,90,629,3,1,2,312,6,Middle,0
373,5,160,4,4,4,444,12,Low,1
369,3,33,4,4,4,444,12,Low,1
317,43,191,2,2,4,224,8,Middle,2
359,8,307,4,4,3,443,11,Low,3
311,18,259,2,3,3,233,8,Middle,2
360,17,304,4,3,3,433,10,Low,3
331,15,258,3,3,3,333,9,Middle,3
292,87,672,1,1,2,112,4,Top,0
369,117,722,4,1,2,412,7,Middle,3
313,70,538,2,1,2,212,5,Top,0
289,20,319,1,3,3,133,7,Middle,2
327,23,147,3,3,4,334,10,Low,3
312,69,855,2,1,1,211,4,Top,0
354,26,583,3,2,2,322,7,Middle,3
309,17,308,2,3,3,233,8,Middle,2
290,46,562,1,2,2,122,5,Top,0
364,7,151,4,4,4,444,12,Low,1
318,24,636,2,2,2,222,6,Middle,2
295,34,996,1,2,1,121,4,Top,0
299,115,974,1,1,1,111,3,Top,0
288,13,462,1,3,2,132,6,Middle,2
324,50,888,3,1,1,311,5,Top,0
322,14,302,3,3,3,333,9,Middle,2
299,34,543,1,2,2,122,5,Top,2
306,38,319,2,2,3,223,7,Middle,2
297,48,270,1,2,3,123,6,Middle,2
288,9,116,1,4,4,144,9,Middle,2
317,10,157,2,4,4,244,10,Low,1
299,124,515,1,1,2,112,4,Top,0
334,14,157,3,3,4,334,10,Low,1
289,21,500,1,3,2,132,6,Middle,2
288,131,2639,1,1,1,111,3,Top,0
358,16,298,3,3,3,333,9,Middle,3
311,18,409,2,3,2,232,7,Middle,2
360,25,413,4,2,2,422,8,Middle,3
305,29,424,2,2,2,222,6,Middle,2
289,16,224,1,3,3,133,7,Middle,2
296,27,519,1,2,2,122,5,Top,2
361,20,243,4,3,3,433,10,Low,3
316,54,247,2,1,3,213,6,Middle,2
373,2,155,4,4,4,444,12,Low,1
315,36,1424,2,2,1,221,5,Top,0
359,38,227,4,2,3,423,9,Middle,3
368,72,510,4,1,2,412,7,Middle,3
360,28,252,4,2,3,423,9,Middle,3
365,77,521,4,1,2,412,7,Middle,3
353,75,779,3,1,1,311,5,Top,3
316,49,936,2,2,1,221,5,Top,0
292,46,453,1,2,2,122,5,Top,2
334,119,775,3,1,1,311,5,Top,0
312,69,637,2,1,2,212,5,Top,0
310,49,426,2,2,2,222,6,Middle,2
308,21,393,2,3,2,232,7,Middle,2
368,10,142,4,4,4,444,12,Low,1
311,48,479,2,2,2,222,6,Middle,2
310,57,3435,2,1,1,211,4,Top,0
298,125,715,1,1,2,112,4,Top,0
372,10,341,4,4,3,443,11,Low,3
299,38,445,1,2,2,122,5,Top,2
322,86,508,3,1,2,312,6,Middle,0
312,15,382,2,3,2,232,7,Middle,2
302,78,1549,2,1,1,211,4,Top,0
362,39,283,4,2,3,423,9,Middle,3
299,38,112,1,2,4,124,7,Middle,2
312,12,127,2,3,4,234,9,Middle,2
368,87,381,4,1,2,412,7,Middle,3
366,2,268,4,4,3,443,11,Low,1
322,52,717,3,1,2,312,6,Middle,0
299,84,741,1,1,2,112,4,Top,0
336,131,716,3,1,2,312,6,Middle,0
367,22,222,4,3,3,433,10,Low,3
295,15,290,1,3,3,133,7,Middle,2
308,1,550,2,4,2,242,8,Middle,1
308,25,469,2,2,2,222,6,Middle,2
305,11,182,2,4,4,244,10,Low,2
361,53,250,4,1,3,413,8,Middle,3
296,13,1674,1,3,1,131,5,Top,2
316,24,556,2,2,2,222,6,Middle,2
311,26,566,2,2,2,222,6,Middle,2
290,86,1069,1,1,1,111,3,Top,0
368,22,450,4,3,2,432,9,Middle,3
292,32,141,1,2,4,124,7,Middle,2
331,17,702,3,3,2,332,8,Middle,3
315,16,243,2,3,3,233,8,Middle,2
302,11,307,2,4,3,243,9,Middle,2
310,259,1026,2,1,1,211,4,Top,0
291,242,2656,1,1,1,111,3,Top,0
365,4,60,4,4,4,444,12,Low,1
354,136,4360,3,1,1,311,5,Top,0
366,161,513,4,1,2,412,7,Middle,3
355,17,193,3,3,4,334,10,Low,3
298,67,353,1,1,3,113,5,Top,0
297,36,160,1,2,4,124,7,Middle,2
311,19,178,2,3,4,234,9,Middle,2
303,59,365,2,1,3,213,6,Middle,2
291,1,45,1,4,4,144,9,Middle,1
309,12,150,2,3,4,234,9,Middle,2
288,116,940,1,1,1,111,3,Top,0
332,79,742,3,1,2,312,6,Middle,0
330,25,694,3,2,2,322,7,Middle,3
361,8,97,4,4,4,444,12,Low,1
317,95,533,2,1,2,212,5,Top,0
312,17,145,2,3,4,234,9,Middle,2
312,43,286,2,2,3,223,7,Middle,2
311,13,105,2,3,4,234,9,Middle,2
288,82,1133,1,1,1,111,3,Top,0
295,27,7179,1,2,1,121,4,Top,0
294,16,774,1,3,1,131,5,Top,2
306,62,457,2,1,2,212,5,Top,0
371,3,397,4,4,2,442,10,Low,1
353,37,424,3,2,2,322,7,Middle,3
329,27,571,3,2,2,322,7,Middle,3
333,113,2200,3,1,1,311,5,Top,0
303,29,589,2,2,2,222,6,Middle,2
323,12,167,3,3,4,334,10,Low,1
295,51,1037,1,1,1,111,3,Top,0
373,7,130,4,4,4,444,12,Low,1
296,17,321,1,3,3,133,7,Middle,2
289,73,3110,1,1,1,111,3,Top,0
365,5,112,4,4,4,444,12,Low,1
313,43,403,2,2,2,222,6,Middle,2
290,28,440,1,2,2,122,5,Top,2
310,5,68,2,4,4,244,10,Low,1
359,73,684,4,1,2,412,7,Middle,3
332,74,20649,3,1,1,311,5,Top,0
299,38,298,1,2,3,123,6,Middle,2
365,17,249,4,3,3,433,10,Low,3
308,8,717,2,4,2,242,8,Middle,2
318,8,203,2,4,4,244,10,Low,1
313,94,709,2,1,2,212,5,Top,0
367,11,178,4,4,4,444,12,Low,3
288,121,451,1,1,2,112,4,Top,0
325,13,632,3,3,2,332,8,Middle,2
358,10,271,3,4,3,343,10,Low,3
289,40,622,1,2,2,122,5,Top,0
289,36,787,1,2,1,121,4,Top,0
309,45,340,2,2,3,223,7,Middle,2
290,214,18356,1,1,1,111,3,Top,0
290,30,651,1,2,2,122,5,Top,2
318,31,231,2,2,3,223,7,Middle,2
308,11,153,2,4,4,244,10,Low,2
368,18,335,4,3,3,433,10,Low,3
361,6,145,4,4,4,444,12,Low,1
359,9,422,4,4,2,442,10,Low,3
290,10,872,1,4,1,141,6,Middle,2
297,135,645,1,1,2,112,4,Top,0
303,61,630,2,1,2,212,5,Top,0
316,8,268,2,4,3,243,9,Middle,2
359,43,306,4,2,3,423,9,Middle,3
372,13,298,4,3,3,433,10,Low,3
334,49,195,3,2,4,324,9,Middle,3
310,4,162,2,4,4,244,10,Low,1
296,51,942,1,1,1,111,3,Top,0
332,29,344,3,2,3,323,8,Middle,3
298,44,284,1,2,3,123,6,Middle,2
373,4,70,4,4,4,444,12,Low,1
295,65,588,1,1,2,112,4,Top,0
312,44,168,2,2,4,224,8,Middle,2
329,60,1235,3,1,1,311,5,Top,0
338,28,417,3,2,2,322,7,Middle,3
298,118,867,1,1,1,111,3,Top,0
352,26,662,3,2,2,322,7,Middle,3
368,60,392,4,1,2,412,7,Middle,3
324,103,767,3,1,2,312,6,Middle,0
312,27,136,2,2,4,224,8,Middle,2
302,119,537,2,1,2,212,5,Top,0
320,193,1063,3,1,1,311,5,Top,0
297,18,305,1,3,3,133,7,Middle,2
288,56,897,1,1,1,111,3,Top,0
367,1,326,4,4,3,443,11,Low,1
362,53,320,4,1,3,413,8,Middle,3
312,77,218,2,1,3,213,6,Middle,2
312,15,901,2,3,1,231,6,Middle,2
359,11,238,4,4,3,443,11,Low,3
337,74,785,3,1,1,311,5,Top,0
373,8,101,4,4,4,444,12,Low,1
365,9,251,4,4,3,443,11,Low,3
304,22,990,2,3,1,231,6,Middle,2
298,23,474,1,3,2,132,6,Middle,2
298,53,928,1,1,1,111,3,Top,0
365,17,394,4,3,2,432,9,Middle,3
309,41,1177,2,2,1,221,5,Top,0
320,44,402,3,2,2,322,7,Middle,2
368,11,300,4,4,3,443,11,Low,3
289,89,3646,1,1,1,111,3,Top,0
366,15,300,4,3,3,433,10,Low,3
301,57,2728,2,1,1,211,4,Top,0
368,18,391,4,3,2,432,9,Middle,3
308,41,1186,2,2,1,221,5,Top,0
302,68,1592,2,1,1,211,4,Top,0
326,76,1583,3,1,1,311,5,Top,0
358,19,290,3,3,3,333,9,Middle,3
305,32,453,2,2,2,222,6,Middle,2
364,7,175,4,4,4,444,12,Low,1
301,10,136,2,4,4,244,10,Low,2
289,52,888,1,1,1,111,3,Top,0
336,3,83,3,4,4,344,11,Low,1
324,26,110,3,2,4,324,9,Middle,3
289,13,220,1,3,3,133,7,Middle,2
320,10,153,3,4,4,344,11,Low,1
367,1,102,4,4,4,444,12,Low,1
324,75,1743,3,1,1,311,5,Top,0
297,34,687,1,2,2,122,5,Top,2
372,18,303,4,3,3,433,10,Low,3
317,57,1048,2,1,1,211,4,Top,0
333,12,682,3,3,2,332,8,Middle,3
332,13,302,3,3,3,333,9,Middle,3
322,50,1008,3,1,1,311,5,Top,0
359,1,80,4,4,4,444,12,Low,1
291,154,1139,1,1,1,111,3,Top,0
373,9,172,4,4,4,444,12,Low,3
320,34,376,3,2,3,323,8,Middle,2
323,22,115,3,3,4,334,10,Low,2
305,26,219,2,2,3,223,7,Middle,2
317,28,114,2,2,4,224,8,Middle,2
304,119,1716,2,1,1,211,4,Top,0
302,35,516,2,2,2,222,6,Middle,2
313,78,622,2,1,2,212,5,Top,0
319,117,1010,3,1,1,311,5,Top,0
334,12,136,3,3,4,334,10,Low,1
372,12,100,4,3,4,434,11,Low,1
301,17,1861,2,3,1,231,6,Middle,0
290,255,2647,1,1,1,111,3,Top,0
368,33,217,4,2,3,423,9,Middle,3
365,10,16,4,4,4,444,12,Low,1
297,27,1836,1,2,1,121,4,Top,0
364,112,1271,4,1,1,411,6,Middle,3
288,11,188,1,4,4,144,9,Middle,2
292,77,1687,1,1,1,111,3,Top,0
290,697,5214,1,1,1,111,3,Top,0
303,37,205,2,2,4,224,8,Middle,2
310,13,213,2,3,3,233,8,Middle,2
305,15,345,2,3,3,233,8,Middle,2
372,297,5391,4,1,1,411,6,Middle,0
372,17,208,4,3,3,433,10,Low,3
296,8,2127,1,4,1,141,6,Middle,2
304,37,2108,2,2,1,221,5,Top,0
304,25,148,2,2,4,224,8,Middle,2
368,58,252,4,1,3,413,8,Middle,3
319,8,241,3,4,3,343,10,Low,2
323,11,330,3,4,3,343,10,Low,2
310,48,890,2,2,1,221,5,Top,0
288,95,2331,1,1,1,111,3,Top,0
288,1,25,1,4,4,144,9,Middle,1
368,16,214,4,3,3,433,10,Low,3
366,1,326,4,4,3,443,11,Low,1
373,9,215,4,4,3,443,11,Low,3
364,26,458,4,2,2,422,8,Middle,3
304,8,133,2,4,4,244,10,Low,2
311,93,602,2,1,2,212,5,Top,0
317,18,122,2,3,4,234,9,Middle,2
322,12,101,3,3,4,334,10,Low,1
322,94,602,3,1,2,312,6,Middle,0
312,115,609,2,1,2,212,5,Top,0
367,72,434,4,1,2,412,7,Middle,3
352,28,394,3,2,2,322,7,Middle,3
373,58,243,4,1,3,413,8,Middle,3
310,38,311,2,2,3,223,7,Middle,2
355,31,218,3,2,3,323,8,Middle,3
362,29,110,4,2,4,424,10,Low,3
315,105,895,2,1,1,211,4,Top,0
301,3,502,2,4,2,242,8,Middle,2
372,1,244,4,4,3,443,11,Low,1
308,2,196,2,4,4,244,10,Low,1
298,22,2693,1,3,1,131,5,Top,0
302,5,1045,2,4,1,241,7,Middle,2
289,4,2178,1,4,1,141,6,Middle,2
365,39,263,4,2,3,423,9,Middle,3
358,9,409,3,4,2,342,9,Middle,3
295,143,709,1,1,2,112,4,Top,0
296,92,610,1,1,2,112,4,Top,0
372,35,261,4,2,3,423,9,Middle,3
315,92,746,2,1,2,212,5,Top,0
371,48,123,4,2,4,424,10,Low,3
373,85,277,4,1,3,413,8,Middle,3
361,7,125,4,4,4,444,12,Low,1
310,89,1379,2,1,1,211,4,Top,0
372,65,353,4,1,3,413,8,Middle,3
365,12,300,4,3,3,433,10,Low,3
359,15,295,4,3,3,433,10,Low,3
326,13,64,3,3,4,334,10,Low,1
353,12,316,3,3,3,333,9,Middle,3
290,44,307,1,2,3,123,6,Middle,2
366,38,190,4,2,4,424,10,Low,3
362,40,169,4,2,4,424,10,Low,3
318,12,130,2,3,4,234,9,Middle,1
373,28,102,4,2,4,424,10,Low,3
315,40,324,2,2,3,223,7,Middle,2
310,1,165,2,4,4,244,10,Low,1
334,5,73,3,4,4,344,11,Low,1
322,8,39,3,4,4,344,11,Low,1
289,179,1557,1,1,1,111,3,Top,0
366,66,316,4,1,3,413,8,Middle,3
360,6,74,4,4,4,444,12,Low,1
359,5,74,4,4,4,444,12,Low,1
291,113,2394,1,1,1,111,3,Top,0
288,19,363,1,3,3,133,7,Middle,2
290,13,817,1,3,1,131,5,Top,2
337,5,169,3,4,4,344,11,Low,1
288,44,750,1,2,2,122,5,Top,0
289,1,101,1,4,4,144,9,Middle,1
327,76,297,3,1,3,313,7,Middle,3
365,14,258,4,3,3,433,10,Low,3
373,13,489,4,3,2,432,9,Middle,3
303,34,610,2,2,2,222,6,Middle,2
318,63,711,2,1,2,212,5,Top,0
330,29,689,3,2,2,322,7,Middle,3
290,1,3202,1,4,1,141,6,Middle,2
330,21,3111,3,3,1,331,7,Middle,0
297,23,1117,1,3,1,131,5,Top,2
291,16,504,1,3,2,132,6,Middle,2
312,21,580,2,3,2,232,7,Middle,2
339,16,657,3,3,2,332,8,Middle,3
305,24,38370,2,2,1,221,5,Top,0
329,39,430,3,2,2,322,7,Middle,3
303,78,1213,2,1,1,211,4,Top,0
368,1,76,4,4,4,444,12,Low,1
290,28,220,1,2,3,123,6,Middle,2
295,196,827,1,1,1,111,3,Top,0
301,323,1277,2,1,1,211,4,Top,0
367,30,181,4,2,4,424,10,Low,3
295,125,732,1,1,2,112,4,Top,0
319,18,288,3,3,3,333,9,Middle,2
295,8,152,1,4,4,144,9,Middle,2
318,10,660,2,4,2,242,8,Middle,2
312,42,609,2,2,2,222,6,Middle,0
289,17,312,1,3,3,133,7,Middle,2
291,8,113,1,4,4,144,9,Middle,2
369,55,206,4,1,3,413,8,Middle,3
301,23,530,2,3,2,232,7,Middle,2
319,15,301,3,3,3,333,9,Middle,2
302,66,644,2,1,2,212,5,Top,0
333,15,240,3,3,3,333,9,Middle,3
289,59,1978,1,1,1,111,3,Top,0
358,30,476,3,2,2,322,7,Middle,3
309,35,633,2,2,2,222,6,Middle,2
326,35,622,3,2,2,322,7,Middle,3
290,16,426,1,3,2,132,6,Middle,2
330,9,171,3,4,4,344,11,Low,1
290,78,450,1,1,2,112,4,Top,0
288,36,907,1,2,1,121,4,Top,0
311,23,485,2,3,2,232,7,Middle,2
326,43,248,3,2,3,323,8,Middle,3
296,30,484,1,2,2,122,5,Top,2
322,54,1156,3,1,1,311,5,Top,0
305,24,468,2,2,2,222,6,Middle,2
337,21,417,3,3,2,332,8,Middle,3
294,22,1372,1,3,1,131,5,Top,0
302,18,464,2,3,2,232,7,Middle,2
288,10,291,1,4,3,143,8,Middle,2
325,1,440,3,4,2,342,9,Middle,1
312,52,918,2,1,1,211,4,Top,0
312,55,804,2,1,1,211,4,Top,0
310,21,349,2,3,3,233,8,Middle,2
290,16,363,1,3,3,133,7,Middle,2
366,7,376,4,4,3,443,11,Low,3
334,37,787,3,2,1,321,6,Middle,3
366,7,168,4,4,4,444,12,Low,1
320,102,215,3,1,3,313,7,Middle,3
